address_line_1,address_line_2,phone
111 State St,"Boston, MA 02109",617-523-1451
89 Broad St,"Boston, MA 02110",617-456-5330
20 North St,"Boston, MA 02109",617-367-0041
265 Franklin St,"Boston, MA 02109",617-261-4699
3 Post Office Square,"Boston, MA 02109",617-451-1056
235 Washington St,"Boston, MA 02108",617-248-1987
100 City Hall Plaza,"Boston, MA 02114",617-227-9790
230 Congress St,"Boston, MA 02110",617-350-3194
MBTA Government Center Station,"Boston, MA 02114",857-225-3702
16 Tremont St,"Boston, MA 02116",617-523-1279
